var_smoothing	accuracy
1e-11	0.95402
1e-10	0.95402
1e-09	0.95402
1e-08	0.95402
